日期,开盘价(元),最高价(元),最低价(元),收盘价(元),成交额(百万),成交量(股)
2012-06-26,1,1,1,1,0,0
2012-06-29,1,1,1,1,0,0
2012-06-30,1,1,1,1,0,0
2012-07-06,1.001,1.001,1.001,1.001,0,0
2012-07-13,1.001,1.001,1.001,1.001,0,0
2012-07-20,1,1,1,1,0,0
2012-07-27,0.997,0.997,0.997,0.997,0,0
2012-07-30,0.995,0.995,0.995,0.995,0,0
2012-07-31,0.991,0.991,0.991,0.991,0,0
2012-08-01,1.001,1.001,1.001,1.001,0,0
2012-08-02,0.997,0.997,0.997,0.997,0,0
2012-08-03,1.009,1.009,1.009,1.009,0,0
2012-08-06,1.023,1.023,1.023,1.023,0,0
2012-08-07,1.025,1.025,1.025,1.025,0,0
2012-08-08,1.022,1.022,1.022,1.022,0,0
2012-08-09,1.037,1.037,1.037,1.037,0,0
2012-08-10,1.028,1.028,1.028,1.028,0,0
2012-08-13,1.013,1.013,1.013,1.013,0,0
2012-08-14,1.016,1.016,1.016,1.016,0,0
2012-08-15,1.008,1.008,1.008,1.008,0,0
2012-08-16,1.002,1.002,1.002,1.002,0,0
2012-08-17,0.997,0.997,0.997,0.997,0,0
2012-08-20,0.995,0.995,0.995,0.995,0,0
2012-08-21,1.006,1.006,1.006,1.006,0,0
2012-08-22,0.999,0.999,0.999,0.999,0,0
2012-08-23,1.002,1.002,1.002,1.002,0,0
2012-08-24,0.992,0.992,0.992,0.992,0,0
2012-08-27,0.975,0.975,0.975,0.975,0,0
2012-08-28,0.972,0.972,0.972,0.972,0,0
2012-08-29,0.964,0.964,0.964,0.964,0,0
2012-08-30,0.955,0.955,0.955,0.955,0,0
2012-08-31,0.958,0.958,0.958,0.958,0,0
2012-09-03,0.972,0.972,0.972,0.972,0,0
2012-09-04,0.965,0.965,0.965,0.965,0,0
2012-09-05,0.965,0.965,0.965,0.965,0,0
2012-09-06,0.97,0.97,0.97,0.97,0,0
2012-09-07,1.004,1.004,1.004,1.004,0,0
2012-09-10,1.008,1.008,1.008,1.008,0,0
2012-09-11,1.005,1.005,1.005,1.005,0,0
2012-09-12,1.008,1.008,1.008,1.008,0,0
2012-09-13,0.999,0.999,0.999,0.999,0,0
2012-09-14,1.001,1.001,1.001,1.001,0,0
2012-09-17,0.978,0.978,0.978,0.978,0,0
2012-09-18,0.972,0.972,0.972,0.972,0,0
2012-09-19,0.975,0.975,0.975,0.975,0,0
2012-09-20,0.953,0.953,0.953,0.953,0,0
2012-09-21,0.952,0.952,0.952,0.952,0,0
2012-09-24,0.961,0.961,0.961,0.961,0,0
2012-09-25,0.96,0.96,0.96,0.96,0,0
2012-09-26,0.947,0.947,0.947,0.947,0,0
2012-09-27,0.969,0.969,0.969,0.969,0,0
2012-09-28,0.987,0.987,0.987,0.987,0,0
2012-09-30,0.987,0.987,0.987,0.987,0,0
2012-10-08,0.979,0.979,0.979,0.979,0,0
2012-10-09,1.003,1.003,1.003,1.003,0,0
2012-10-10,1.006,1.006,1.006,1.006,0,0
2012-10-11,0.998,0.998,0.998,0.998,0,0
2012-10-12,0.996,0.996,0.996,0.996,0,0
2012-10-15,0.996,0.996,0.996,0.996,0,0
2012-10-16,1,1,1,1,0,0
2012-10-17,0.998,0.998,0.998,0.998,0,0
2012-10-18,1.014,1.014,1.014,1.014,0,0
2012-10-19,1.014,1.014,1.014,1.014,0,0
2012-10-22,1.021,1.021,1.021,1.021,0,0
2012-10-23,1.006,1.006,1.006,1.006,0,0
2012-10-24,1.004,1.004,1.004,1.004,0,0
2012-10-25,0.995,0.995,0.995,0.995,0,0
2012-10-26,0.979,0.979,0.979,0.979,0,0
2012-10-29,0.981,0.981,0.981,0.981,0,0
2012-10-30,0.98,0.98,0.98,0.98,0,0
2012-10-31,0.982,0.982,0.982,0.982,0,0
2012-11-01,0.995,0.995,0.995,0.995,0,0
2012-11-02,0.998,0.998,0.998,0.998,0,0
2012-11-05,0.996,0.996,0.996,0.996,0,0
2012-11-06,0.987,0.987,0.987,0.987,0,0
2012-11-07,0.984,0.984,0.984,0.984,0,0
2012-11-08,0.97,0.97,0.97,0.97,0,0
2012-11-09,0.968,0.968,0.968,0.968,0,0
2012-11-12,0.965,0.965,0.965,0.965,0,0
2012-11-13,0.953,0.953,0.953,0.953,0,0
2012-11-14,0.958,0.958,0.958,0.958,0,0
2012-11-15,0.947,0.947,0.947,0.947,0,0
2012-11-16,0.936,0.936,0.936,0.936,0,0
2012-11-19,0.93,0.93,0.93,0.93,0,0
2012-11-20,0.923,0.923,0.923,0.923,0,0
2012-11-21,0.928,0.928,0.928,0.928,0,0
2012-11-22,0.917,0.917,0.917,0.917,0,0
2012-11-23,0.927,0.927,0.927,0.927,0,0
2012-11-26,0.918,0.918,0.918,0.918,0,0
2012-11-27,0.897,0.897,0.897,0.897,0,0
2012-11-28,0.886,0.886,0.886,0.886,0,0
2012-11-29,0.885,0.885,0.885,0.885,0,0
2012-11-30,0.891,0.891,0.891,0.891,0,0
2012-12-03,0.87,0.87,0.87,0.87,0,0
2012-12-04,0.877,0.877,0.877,0.877,0,0
2012-12-05,0.902,0.902,0.902,0.902,0,0
2012-12-06,0.902,0.902,0.902,0.902,0,0
2012-12-07,0.918,0.918,0.918,0.918,0,0
2012-12-10,0.932,0.932,0.932,0.932,0,0
2012-12-11,0.93,0.93,0.93,0.93,0,0
2012-12-12,0.93,0.93,0.93,0.93,0,0
2012-12-13,0.919,0.919,0.919,0.919,0,0
2012-12-14,0.953,0.953,0.953,0.953,0,0
2012-12-17,0.962,0.962,0.962,0.962,0,0
2012-12-18,0.96,0.96,0.96,0.96,0,0
2012-12-19,0.962,0.962,0.962,0.962,0,0
2012-12-20,0.967,0.967,0.967,0.967,0,0
2012-12-21,0.966,0.966,0.966,0.966,0,0
2012-12-24,0.969,0.969,0.969,0.969,0,0
2012-12-25,0.993,0.993,0.993,0.993,0,0
2012-12-26,1,1,1,1,0,0
2012-12-27,0.991,0.991,0.991,0.991,0,0
2012-12-28,1.002,1.002,1.002,1.002,0,0
2012-12-31,1.017,1.017,1.017,1.017,0,0
2013-01-04,1.018,1.018,1.018,1.018,0,0
2013-01-07,1.025,1.025,1.025,1.025,0,0
2013-01-08,1.026,1.026,1.026,1.026,0,0
2013-01-09,1.027,1.027,1.027,1.027,0,0
2013-01-10,1.029,1.029,1.029,1.029,0,0
2013-01-11,1.008,1.008,1.008,1.008,0,0
2013-01-14,1.041,1.041,1.041,1.041,0,0
2013-01-15,1.052,1.052,1.052,1.052,0,0
2013-01-16,1.041,1.041,1.041,1.041,0,0
2013-01-17,1.031,1.031,1.031,1.031,0,0
2013-01-18,1.044,1.044,1.044,1.044,0,0
2013-01-21,1.056,1.056,1.056,1.056,0,0
2013-01-22,1.044,1.044,1.044,1.044,0,0
2013-01-23,1.037,1.037,1.037,1.037,0,0
2013-01-24,1.018,1.018,1.018,1.018,0,0
2013-01-25,1.016,1.016,1.016,1.016,0,0
2013-01-28,1.039,1.039,1.039,1.039,0,0
2013-01-29,1.045,1.045,1.045,1.045,0,0
2013-01-30,1.046,1.046,1.046,1.046,0,0
2013-01-31,1.048,1.048,1.048,1.048,0,0
2013-02-01,1.061,1.061,1.061,1.061,0,0
2013-02-04,1.069,1.069,1.069,1.069,0,0
2013-02-05,1.082,1.082,1.082,1.082,0,0
2013-02-06,1.081,1.081,1.081,1.081,0,0
2013-02-07,1.077,1.077,1.077,1.077,0,0
2013-02-08,1.087,1.087,1.087,1.087,0,0
2013-02-18,1.081,1.081,1.081,1.081,0,0
2013-02-19,1.061,1.061,1.061,1.061,0,0
2013-02-20,1.075,1.075,1.075,1.075,0,0
2013-02-21,1.046,1.046,1.046,1.046,0,0
2013-02-22,1.04,1.04,1.04,1.04,0,0
2013-02-25,1.041,1.041,1.041,1.041,0,0
2013-02-26,1.026,1.026,1.026,1.026,0,0
2013-02-27,1.025,1.025,1.025,1.025,0,0
2013-02-28,1.046,1.046,1.046,1.046,0,0
2013-03-01,1.044,1.044,1.044,1.044,0,0
2013-03-04,1,1,1,1,0,0
2013-03-05,1.02,1.02,1.02,1.02,0,0
2013-03-06,1.035,1.035,1.035,1.035,0,0
2013-03-07,1.029,1.029,1.029,1.029,0,0
2013-03-08,1.024,1.024,1.024,1.024,0,0
2013-03-11,1.018,1.018,1.018,1.018,0,0
2013-03-12,1.006,1.006,1.006,1.006,0,0
2013-03-13,0.995,0.995,0.995,0.995,0,0
2013-03-14,1.002,1.002,1.002,1.002,0,0
2013-03-15,1.006,1.006,1.006,1.006,0,0
2013-03-18,0.989,0.989,0.989,0.989,0,0
2013-03-19,0.993,0.993,0.993,0.993,0,0
2013-03-20,1.018,1.018,1.018,1.018,0,0
2013-03-21,1.024,1.024,1.024,1.024,0,0
2013-03-22,1.027,1.027,1.027,1.027,0,0
2013-03-25,1.024,1.024,1.024,1.024,0,0
2013-03-26,1.016,1.016,1.016,1.016,0,0
2013-03-27,1.021,1.021,1.021,1.021,0,0
2013-03-28,0.998,0.998,0.998,0.998,0,0
2013-03-29,0.997,0.997,0.997,0.997,0,0
2013-03-31,0.997,0.997,0.997,0.997,0,0
2013-04-01,1,1,1,1,0,0
2013-04-02,0.999,0.999,0.999,0.999,0,0
2013-04-03,1.009,1.009,1.009,1.009,0,0
2013-04-08,1.017,1.017,1.017,1.017,0,0
2013-04-09,1.023,1.023,1.023,1.023,0,0
2013-04-10,1.022,1.022,1.022,1.022,0,0
2013-04-11,1.02,1.02,1.02,1.02,0,0
2013-04-12,1.014,1.014,1.014,1.014,0,0
2013-04-15,1.009,1.009,1.009,1.009,0,0
2013-04-16,1.015,1.015,1.015,1.015,0,0
2013-04-17,1.017,1.017,1.017,1.017,0,0
2013-04-18,1.019,1.019,1.019,1.019,0,0
2013-04-19,1.039,1.039,1.039,1.039,0,0
2013-04-22,1.039,1.039,1.039,1.039,0,0
2013-04-23,1.012,1.012,1.012,1.012,0,0
2013-04-24,1.024,1.024,1.024,1.024,0,0
2013-04-25,1.015,1.015,1.015,1.015,0,0
2013-04-26,1.009,1.009,1.009,1.009,0,0
2013-05-02,1.012,1.012,1.012,1.012,0,0
2013-05-03,1.028,1.028,1.028,1.028,0,0
2013-05-06,1.043,1.043,1.043,1.043,0,0
2013-05-07,1.046,1.046,1.046,1.046,0,0
2013-05-08,1.052,1.052,1.052,1.052,0,0
2013-05-09,1.045,1.045,1.045,1.045,0,0
2013-05-10,1.053,1.053,1.053,1.053,0,0
2013-05-13,1.051,1.051,1.051,1.051,0,0
2013-05-14,1.037,1.037,1.037,1.037,0,0
2013-05-15,1.047,1.047,1.047,1.047,0,0
2013-05-16,1.059,1.059,1.059,1.059,0,0
2013-05-17,1.073,1.073,1.073,1.073,0,0
2013-05-20,1.075,1.075,1.075,1.075,0,0
2013-05-21,1.082,1.082,1.082,1.082,0,0
2013-05-22,1.081,1.081,1.081,1.081,0,0
2013-05-23,1.067,1.067,1.067,1.067,0,0
2013-05-24,1.07,1.07,1.07,1.07,0,0
2013-05-27,1.073,1.073,1.073,1.073,0,0
2013-05-28,1.093,1.093,1.093,1.093,0,0
2013-05-29,1.093,1.093,1.093,1.093,0,0
2013-05-30,1.097,1.097,1.097,1.097,0,0
2013-05-31,1.091,1.091,1.091,1.091,0,0
2013-06-03,1.095,1.095,1.095,1.095,0,0
2013-06-04,1.076,1.076,1.076,1.076,0,0
2013-06-05,1.073,1.073,1.073,1.073,0,0
2013-06-06,1.06,1.06,1.06,1.06,0,0
2013-06-07,1.04,1.04,1.04,1.04,0,0
2013-06-13,1.012,1.012,1.012,1.012,0,0
2013-06-14,1.019,1.019,1.019,1.019,0,0
2013-06-17,1.016,1.016,1.016,1.016,0,0
2013-06-18,1.02,1.02,1.02,1.02,0,0
2013-06-19,1.015,1.015,1.015,1.015,0,0
2013-06-20,0.99,0.99,0.99,0.99,0,0
2013-06-21,0.989,0.989,0.989,0.989,0,0
2013-06-24,0.944,0.944,0.944,0.944,0,0
2013-06-25,0.938,0.938,0.938,0.938,0,0
2013-06-26,0.942,0.942,0.942,0.942,0,0
2013-06-27,0.936,0.936,0.936,0.936,0,0
2013-06-28,0.937,0.937,0.937,0.937,0,0
2013-06-30,0.937,0.937,0.937,0.937,0,0
2013-07-01,0.941,0.941,0.941,0.941,0,0
2013-07-02,0.946,0.946,0.946,0.946,0,0
2013-07-03,0.943,0.943,0.943,0.943,0,0
2013-07-04,0.952,0.952,0.952,0.952,0,0
2013-07-05,0.95,0.95,0.95,0.95,0,0
2013-07-08,0.931,0.931,0.931,0.931,0,0
2013-07-09,0.934,0.934,0.934,0.934,0,0
2013-07-10,0.943,0.943,0.943,0.943,0,0
2013-07-11,0.965,0.965,0.965,0.965,0,0
2013-07-12,0.961,0.961,0.961,0.961,0,0
2013-07-15,0.973,0.973,0.973,0.973,0,0
2013-07-16,0.969,0.969,0.969,0.969,0,0
2013-07-17,0.953,0.953,0.953,0.953,0,0
2013-07-18,0.951,0.951,0.951,0.951,0,0
2013-07-19,0.941,0.941,0.941,0.941,0,0
2013-07-22,0.957,0.957,0.957,0.957,0,0
2013-07-23,0.975,0.975,0.975,0.975,0,0
2013-07-24,0.981,0.981,0.981,0.981,0,0
2013-07-25,0.969,0.969,0.969,0.969,0,0
2013-07-26,0.966,0.966,0.966,0.966,0,0
2013-07-29,0.952,0.952,0.952,0.952,0,0
2013-07-30,0.943,0.943,0.943,0.943,0,0
2013-07-31,0.953,0.953,0.953,0.953,0,0
2013-08-01,0.977,0.977,0.977,0.977,0,0
2013-08-02,0.977,0.977,0.977,0.977,0,0
2013-08-05,0.998,0.998,0.998,0.998,0,0
2013-08-06,1.006,1.006,1.006,1.006,0,0
2013-08-07,0.996,0.996,0.996,0.996,0,0
2013-08-08,1,1,1,1,0,0
2013-08-09,1.003,1.003,1.003,1.003,0,0
2013-08-12,1.001,1.001,1.001,1.001,0,0
2013-08-13,0.998,0.998,0.998,0.998,0,0
2013-08-14,0.994,0.994,0.994,0.994,0,0
2013-08-15,0.984,0.984,0.984,0.984,0,0
2013-08-16,0.967,0.967,0.967,0.967,0,0
2013-08-19,0.99,0.99,0.99,0.99,0,0
2013-08-20,0.99,0.99,0.99,0.99,0,0
2013-08-21,0.986,0.986,0.986,0.986,0,0
2013-08-22,0.993,0.993,0.993,0.993,0,0
2013-08-23,1,1,1,1,0,0
2013-08-26,1.005,1.005,1.005,1.005,0,0
2013-08-27,1.01,1.01,1.01,1.01,0,0
2013-08-28,0.993,0.993,0.993,0.993,0,0
2013-08-29,0.986,0.986,0.986,0.986,0,0
2013-08-30,0.97,0.97,0.97,0.97,0,0
2013-09-02,0.982,0.982,0.982,0.982,0,0
2013-09-03,0.995,0.995,0.995,0.995,0,0
2013-09-04,0.992,0.992,0.992,0.992,0,0
2013-09-05,1.001,1.001,1.001,1.001,0,0
2013-09-06,1.002,1.002,1.002,1.002,0,0
2013-09-09,0.996,0.996,0.996,0.996,0,0
2013-09-10,0.992,0.992,0.992,0.992,0,0
2013-09-11,0.982,0.982,0.982,0.982,0,0
2013-09-12,0.976,0.976,0.976,0.976,0,0
2013-09-13,0.994,0.994,0.994,0.994,0,0
2013-09-16,1.004,1.004,1.004,1.004,0,0
2013-09-17,1.003,1.003,1.003,1.003,0,0
2013-09-18,0.994,0.994,0.994,0.994,0,0
2013-09-23,1.017,1.017,1.017,1.017,0,0
2013-09-24,1.026,1.026,1.026,1.026,0,0
2013-09-25,1.028,1.028,1.028,1.028,0,0
2013-09-26,1.025,1.025,1.025,1.025,0,0
2013-09-27,1.034,1.034,1.034,1.034,0,0
2013-09-30,1.042,1.042,1.042,1.042,0,0
2013-10-08,1.046,1.046,1.046,1.046,0,0
2013-10-09,1.056,1.056,1.056,1.056,0,0
2013-10-10,1.051,1.051,1.051,1.051,0,0
2013-10-11,1.049,1.049,1.049,1.049,0,0
2013-10-14,1.052,1.052,1.052,1.052,0,0
2013-10-15,1.06,1.06,1.06,1.06,0,0
2013-10-16,1.056,1.056,1.056,1.056,0,0
2013-10-17,1.049,1.049,1.049,1.049,0,0
2013-10-18,1.06,1.06,1.06,1.06,0,0
2013-10-21,1.098,1.098,1.098,1.098,0,0
2013-10-22,1.096,1.096,1.096,1.096,0,0
2013-10-23,1.06,1.06,1.06,1.06,0,0
2013-10-24,1.05,1.05,1.05,1.05,0,0
2013-10-25,1.028,1.028,1.028,1.028,0,0
2013-10-28,1.029,1.029,1.029,1.029,0,0
2013-10-29,1.014,1.014,1.014,1.014,0,0
2013-10-30,1.026,1.026,1.026,1.026,0,0
2013-10-31,0.993,0.993,0.993,0.993,0,0
2013-11-01,0.991,0.991,0.991,0.991,0,0
2013-11-04,0.998,0.998,0.998,0.998,0,0
2013-11-05,1.011,1.011,1.011,1.011,0,0
2013-11-06,1.003,1.003,1.003,1.003,0,0
2013-11-07,0.987,0.987,0.987,0.987,0,0
2013-11-08,0.973,0.973,0.973,0.973,0,0
2013-11-11,0.992,0.992,0.992,0.992,0,0
2013-11-12,1.003,1.003,1.003,1.003,0,0
2013-11-13,0.994,0.994,0.994,0.994,0,0
2013-11-14,1.017,1.017,1.017,1.017,0,0
2013-11-15,1.028,1.028,1.028,1.028,0,0
2013-11-18,1.047,1.047,1.047,1.047,0,0
2013-11-19,1.041,1.041,1.041,1.041,0,0
2013-11-20,1.042,1.042,1.042,1.042,0,0
2013-11-21,1.028,1.028,1.028,1.028,0,0
2013-11-22,1.02,1.02,1.02,1.02,0,0
2013-11-25,1.028,1.028,1.028,1.028,0,0
2013-11-26,1.031,1.031,1.031,1.031,0,0
2013-11-27,1.035,1.035,1.035,1.035,0,0
2013-11-28,1.042,1.042,1.042,1.042,0,0
2013-11-29,1.046,1.046,1.046,1.046,0,0
2013-12-02,1.013,1.013,1.013,1.013,0,0
2013-12-03,1.022,1.022,1.022,1.022,0,0
2013-12-04,1.028,1.028,1.028,1.028,0,0
2013-12-05,1.02,1.02,1.02,1.02,0,0
2013-12-06,1.013,1.013,1.013,1.013,0,0
2013-12-09,1.016,1.016,1.016,1.016,0,0
2013-12-10,1.019,1.019,1.019,1.019,0,0
2013-12-11,1.01,1.01,1.01,1.01,0,0
2013-12-12,1.017,1.017,1.017,1.017,0,0
2013-12-13,1.021,1.021,1.021,1.021,0,0
2013-12-16,1.003,1.003,1.003,1.003,0,0
2013-12-17,0.996,0.996,0.996,0.996,0,0
2013-12-18,0.999,0.999,0.999,0.999,0,0
2013-12-19,0.994,0.994,0.994,0.994,0,0
2013-12-20,0.983,0.983,0.983,0.983,0,0
2013-12-23,0.989,0.989,0.989,0.989,0,0
2013-12-24,0.995,0.995,0.995,0.995,0,0
2013-12-25,1,1,1,1,0,0
2013-12-26,0.987,0.987,0.987,0.987,0,0
2013-12-27,0.998,0.998,0.998,0.998,0,0
2013-12-30,1,1,1,1,0,0
2013-12-31,1.005,1.005,1.005,1.005,0,0
2014-01-02,1.007,1.007,1.007,1.007,0,0
2014-01-03,0.997,0.997,0.997,0.997,0,0
2014-01-06,0.976,0.976,0.976,0.976,0,0
2014-01-07,0.977,0.977,0.977,0.977,0,0
2014-01-08,0.98,0.98,0.98,0.98,0,0
2014-01-09,0.969,0.969,0.969,0.969,0,0
2014-01-10,0.959,0.959,0.959,0.959,0,0
2014-01-13,0.955,0.955,0.955,0.955,0,0
2014-01-14,0.974,0.974,0.974,0.974,0,0
2014-01-15,0.978,0.978,0.978,0.978,0,0
2014-01-16,0.974,0.974,0.974,0.974,0,0
2014-01-17,0.962,0.962,0.962,0.962,0,0
2014-01-20,0.954,0.954,0.954,0.954,0,0
2014-01-21,0.963,0.963,0.963,0.963,0,0
2014-01-22,0.981,0.981,0.981,0.981,0,0
2014-01-23,0.989,0.989,0.989,0.989,0,0
2014-01-24,0.995,0.995,0.995,0.995,0,0
2014-01-27,0.984,0.984,0.984,0.984,0,0
2014-01-28,0.98,0.98,0.98,0.98,0,0
2014-01-29,0.978,0.978,0.978,0.978,0,0
2014-01-30,0.966,0.966,0.966,0.966,0,0
2014-02-07,0.973,0.973,0.973,0.973,0,0
2014-02-10,0.995,0.995,0.995,0.995,0,0
2014-02-11,0.992,0.992,0.992,0.992,0,0
2014-02-12,0.999,0.999,0.999,0.999,0,0
2014-02-13,0.988,0.988,0.988,0.988,0,0
2014-02-14,0.998,0.998,0.998,0.998,0,0
2014-02-17,1.011,1.011,1.011,1.011,0,0
2014-02-18,1.009,1.009,1.009,1.009,0,0
2014-02-19,1.002,1.002,1.002,1.002,0,0
2014-02-20,0.992,0.992,0.992,0.992,0,0
2014-02-21,0.983,0.983,0.983,0.983,0,0
2014-02-24,0.977,0.977,0.977,0.977,0,0
2014-02-25,0.947,0.947,0.947,0.947,0,0
2014-02-26,0.945,0.945,0.945,0.945,0,0
2014-02-27,0.928,0.928,0.928,0.928,0,0
2014-02-28,0.935,0.935,0.935,0.935,0,0
2014-03-03,0.948,0.948,0.948,0.948,0,0
2014-03-04,0.939,0.939,0.939,0.939,0,0
2014-03-05,0.932,0.932,0.932,0.932,0,0
2014-03-06,0.934,0.934,0.934,0.934,0,0
2014-03-07,0.931,0.931,0.931,0.931,0,0
2014-03-10,0.917,0.917,0.917,0.917,0,0
2014-03-11,0.916,0.916,0.916,0.916,0,0
2014-03-12,0.919,0.919,0.919,0.919,0,0
2014-03-13,0.927,0.927,0.927,0.927,0,0
2014-03-14,0.925,0.925,0.925,0.925,0,0
2014-03-17,0.936,0.936,0.936,0.936,0,0
2014-03-18,0.94,0.94,0.94,0.94,0,0
2014-03-19,0.927,0.927,0.927,0.927,0,0
2014-03-20,0.904,0.904,0.904,0.904,0,0
2014-03-21,0.914,0.914,0.914,0.914,0,0
2014-03-24,0.91,0.91,0.91,0.91,0,0
2014-03-25,0.916,0.916,0.916,0.916,0,0
2014-03-26,0.921,0.921,0.921,0.921,0,0
2014-03-27,0.908,0.908,0.908,0.908,0,0
2014-03-28,0.892,0.892,0.892,0.892,0,0
2014-03-31,0.899,0.899,0.899,0.899,0,0
2014-04-01,0.911,0.911,0.911,0.911,0,0
2014-04-02,0.908,0.908,0.908,0.908,0,0
2014-04-03,0.905,0.905,0.905,0.905,0,0
2014-04-04,0.914,0.914,0.914,0.914,0,0
2014-04-08,0.925,0.925,0.925,0.925,0,0
2014-04-09,0.928,0.928,0.928,0.928,0,0
2014-04-10,0.933,0.933,0.933,0.933,0,0
2014-04-11,0.932,0.932,0.932,0.932,0,0
2014-04-14,0.936,0.936,0.936,0.936,0,0
2014-04-15,0.928,0.928,0.928,0.928,0,0
2014-04-16,0.928,0.928,0.928,0.928,0,0
2014-04-17,0.926,0.926,0.926,0.926,0,0
2014-04-18,0.928,0.928,0.928,0.928,0,0
2014-04-21,0.917,0.917,0.917,0.917,0,0
2014-04-22,0.906,0.906,0.906,0.906,0,0
2014-04-23,0.908,0.908,0.908,0.908,0,0
2014-04-24,0.907,0.907,0.907,0.907,0,0
2014-04-25,0.888,0.888,0.888,0.888,0,0
2014-04-28,0.863,0.863,0.863,0.863,0,0
2014-04-29,0.874,0.874,0.874,0.874,0,0
2014-04-30,0.881,0.881,0.881,0.881,0,0
2014-05-05,0.893,0.893,0.893,0.893,0,0
2014-05-06,0.896,0.896,0.896,0.896,0,0
2014-05-07,0.888,0.888,0.888,0.888,0,0
2014-05-08,0.888,0.888,0.888,0.888,0,0
2014-05-09,0.88,0.88,0.88,0.88,0,0
2014-05-12,0.896,0.896,0.896,0.896,0,0
2014-05-13,0.894,0.894,0.894,0.894,0,0
2014-05-14,0.893,0.893,0.893,0.893,0,0
2014-05-15,0.883,0.883,0.883,0.883,0,0
2014-05-16,0.878,0.878,0.878,0.878,0,0
2014-05-19,0.877,0.877,0.877,0.877,0,0
2014-05-20,0.877,0.877,0.877,0.877,0,0
2014-05-21,0.888,0.888,0.888,0.888,0,0
2014-05-22,0.885,0.885,0.885,0.885,0,0
2014-05-23,0.893,0.893,0.893,0.893,0,0
2014-05-26,0.905,0.905,0.905,0.905,0,0
2014-05-27,0.905,0.905,0.905,0.905,0,0
2014-05-28,0.917,0.917,0.917,0.917,0,0
2014-05-29,0.912,0.912,0.912,0.912,0,0
2014-05-30,0.912,0.912,0.912,0.912,0,0
2014-06-03,0.906,0.906,0.906,0.906,0,0
2014-06-04,0.9,0.9,0.9,0.9,0,0
2014-06-05,0.906,0.906,0.906,0.906,0,0
2014-06-06,0.9,0.9,0.9,0.9,0,0
2014-06-09,0.898,0.898,0.898,0.898,0,0
2014-06-10,0.908,0.908,0.908,0.908,0,0
2014-06-11,0.911,0.911,0.911,0.911,0,0
2014-06-12,0.91,0.91,0.91,0.91,0,0
2014-06-13,0.92,0.92,0.92,0.92,0,0
2014-06-16,0.924,0.924,0.924,0.924,0,0
2014-06-17,0.912,0.912,0.912,0.912,0,0
2014-06-18,0.911,0.911,0.911,0.911,0,0
2014-06-19,0.894,0.894,0.894,0.894,0,0
2014-06-20,0.902,0.902,0.902,0.902,0,0
2014-06-23,0.908,0.908,0.908,0.908,0,0
2014-06-24,0.913,0.913,0.913,0.913,0,0
2014-06-25,0.907,0.907,0.907,0.907,0,0
2014-06-26,0.919,0.919,0.919,0.919,0,0
2014-06-27,0.93,0.93,0.93,0.93,0,0
2014-06-30,0.938,0.938,0.938,0.938,0,0
2014-07-01,0.944,0.944,0.944,0.944,0,0
2014-07-02,0.952,0.952,0.952,0.952,0,0
2014-07-03,0.958,0.958,0.958,0.958,0,0
2014-07-04,0.959,0.959,0.959,0.959,0,0
2014-07-07,0.958,0.958,0.958,0.958,0,0
2014-07-08,0.966,0.966,0.966,0.966,0,0
2014-07-09,0.95,0.95,0.95,0.95,0,0
2014-07-10,0.948,0.948,0.948,0.948,0,0
2014-07-11,0.954,0.954,0.954,0.954,0,0
2014-07-14,0.97,0.97,0.97,0.97,0,0
2014-07-15,0.977,0.977,0.977,0.977,0,0
2014-07-16,0.97,0.97,0.97,0.97,0,0
2014-07-17,0.963,0.963,0.963,0.963,0,0
2014-07-18,0.965,0.965,0.965,0.965,0,0
2014-07-21,0.965,0.965,0.965,0.965,0,0
2014-07-22,0.978,0.978,0.978,0.978,0,0
2014-07-23,0.977,0.977,0.977,0.977,0,0
2014-07-24,0.975,0.975,0.975,0.975,0,0
2014-07-25,0.985,0.985,0.985,0.985,0,0
2014-07-28,1.008,1.008,1.008,1.008,0,0
2014-07-29,1.012,1.012,1.012,1.012,0,0
2014-07-30,1.011,1.011,1.011,1.011,0,0
2014-07-31,1.02,1.02,1.02,1.02,0,0
2014-08-01,1.013,1.013,1.013,1.013,0,0
2014-08-04,1.026,1.026,1.026,1.026,0,0
2014-08-05,1.03,1.03,1.03,1.03,0,0
2014-08-06,1.03,1.03,1.03,1.03,0,0
2014-08-07,1.019,1.019,1.019,1.019,0,0
2014-08-08,1.02,1.02,1.02,1.02,0,0
2014-08-11,1.029,1.029,1.029,1.029,0,0
2014-08-12,1.035,1.035,1.035,1.035,0,0
2014-08-13,1.032,1.032,1.032,1.032,0,0
2014-08-14,1.023,1.023,1.023,1.023,0,0
2014-08-15,1.037,1.037,1.037,1.037,0,0
2014-08-18,1.049,1.049,1.049,1.049,0,0
2014-08-19,1.052,1.052,1.052,1.052,0,0
2014-08-20,1.059,1.059,1.059,1.059,0,0
2014-08-21,1.059,1.059,1.059,1.059,0,0
2014-08-22,1.064,1.064,1.064,1.064,0,0
2014-08-25,1.052,1.052,1.052,1.052,0,0
2014-08-26,1.038,1.038,1.038,1.038,0,0
2014-08-27,1.042,1.042,1.042,1.042,0,0
2014-08-28,1.031,1.031,1.031,1.031,0,0
2014-08-29,1.045,1.045,1.045,1.045,0,0
2014-09-01,1.065,1.065,1.065,1.065,0,0
2014-09-02,1.077,1.077,1.077,1.077,0,0
2014-09-03,1.088,1.088,1.088,1.088,0,0
2014-09-04,1.094,1.094,1.094,1.094,0,0
2014-09-05,1.102,1.102,1.102,1.102,0,0
2014-09-09,1.101,1.101,1.101,1.101,0,0
2014-09-10,1.1,1.1,1.1,1.1,0,0
2014-09-11,1.104,1.104,1.104,1.104,0,0
2014-09-12,1.11,1.11,1.11,1.11,0,0
2014-09-15,1.115,1.115,1.115,1.115,0,0
2014-09-16,1.082,1.082,1.082,1.082,0,0
2014-09-17,1.096,1.096,1.096,1.096,0,0
2014-09-18,1.097,1.097,1.097,1.097,0,0
2014-09-19,1.104,1.104,1.104,1.104,0,0
2014-09-22,1.095,1.095,1.095,1.095,0,0
2014-09-23,1.101,1.101,1.101,1.101,0,0
2014-09-24,1.118,1.118,1.118,1.118,0,0
2014-09-25,1.123,1.123,1.123,1.123,0,0
2014-09-26,1.119,1.119,1.119,1.119,0,0
2014-09-29,1.12,1.12,1.12,1.12,0,0
2014-09-30,1.128,1.128,1.128,1.128,0,0
2014-10-08,1.138,1.138,1.138,1.138,0,0
2014-10-09,1.139,1.139,1.139,1.139,0,0
2014-10-10,1.129,1.129,1.129,1.129,0,0
2014-10-13,1.121,1.121,1.121,1.121,0,0
2014-10-14,1.126,1.126,1.126,1.126,0,0
2014-10-15,1.128,1.128,1.128,1.128,0,0
2014-10-16,1.112,1.112,1.112,1.112,0,0
2014-10-17,1.105,1.105,1.105,1.105,0,0
2014-10-20,1.115,1.115,1.115,1.115,0,0
2014-10-21,1.102,1.102,1.102,1.102,0,0
2014-10-22,1.092,1.092,1.092,1.092,0,0
2014-10-23,1.07,1.07,1.07,1.07,0,0
2014-10-24,1.072,1.072,1.072,1.072,0,0
2014-10-27,1.077,1.077,1.077,1.077,0,0
2014-10-28,1.098,1.098,1.098,1.098,0,0
2014-10-29,1.115,1.115,1.115,1.115,0,0
2014-10-30,1.113,1.113,1.113,1.113,0,0
2014-10-31,1.111,1.111,1.111,1.111,0,0
2014-11-03,1.12,1.12,1.12,1.12,0,0
2014-11-04,1.119,1.119,1.119,1.119,0,0
2014-11-05,1.119,1.119,1.119,1.119,0,0
2014-11-06,1.121,1.121,1.121,1.121,0,0
2014-11-07,1.116,1.116,1.116,1.116,0,0
2014-11-10,1.123,1.123,1.123,1.123,0,0
2014-11-11,1.106,1.106,1.106,1.106,0,0
2014-11-12,1.113,1.113,1.113,1.113,0,0
2014-11-13,1.1,1.1,1.1,1.1,0,0
2014-11-14,1.101,1.101,1.101,1.101,0,0
2014-11-17,1.109,1.109,1.109,1.109,0,0
2014-11-18,1.107,1.107,1.107,1.107,0,0
2014-11-19,1.116,1.116,1.116,1.116,0,0
2014-11-20,1.114,1.114,1.114,1.114,0,0
2014-11-21,1.124,1.124,1.124,1.124,0,0
2014-11-24,1.133,1.133,1.133,1.133,0,0
2014-11-25,1.148,1.148,1.148,1.148,0,0
2014-11-26,1.157,1.157,1.157,1.157,0,0
2014-11-27,1.16,1.16,1.16,1.16,0,0
2014-11-28,1.158,1.158,1.158,1.158,0,0
2014-12-01,1.149,1.149,1.149,1.149,0,0
2014-12-02,1.168,1.168,1.168,1.168,0,0
2014-12-03,1.173,1.173,1.173,1.173,0,0
2014-12-04,1.215,1.215,1.215,1.215,0,0
2014-12-05,1.193,1.193,1.193,1.193,0,0
2014-12-08,1.217,1.217,1.217,1.217,0,0
2014-12-09,1.177,1.177,1.177,1.177,0,0
2014-12-10,1.211,1.211,1.211,1.211,0,0
2014-12-11,1.221,1.221,1.221,1.221,0,0
2014-12-12,1.235,1.235,1.235,1.235,0,0
2014-12-15,1.245,1.245,1.245,1.245,0,0
2014-12-16,1.242,1.242,1.242,1.242,0,0
2014-12-17,1.235,1.235,1.235,1.235,0,0
2014-12-18,1.238,1.238,1.238,1.238,0,0
2014-12-19,1.238,1.238,1.238,1.238,0,0
2014-12-22,1.212,1.212,1.212,1.212,0,0
2014-12-23,1.19,1.19,1.19,1.19,0,0
2014-12-24,1.183,1.183,1.183,1.183,0,0
2014-12-25,1.203,1.203,1.203,1.203,0,0
2014-12-26,1.227,1.227,1.227,1.227,0,0
2014-12-29,1.216,1.216,1.216,1.216,0,0
2014-12-30,1.208,1.208,1.208,1.208,0,0
2014-12-31,1.219,1.219,1.219,1.219,0,0
2015-01-05,1.256,1.256,1.256,1.256,0,0
2015-01-06,1.26,1.26,1.26,1.26,0,0
2015-01-07,1.258,1.258,1.258,1.258,0,0
2015-01-08,1.245,1.245,1.245,1.245,0,0
2015-01-09,1.238,1.238,1.238,1.238,0,0
2015-01-12,1.235,1.235,1.235,1.235,0,0
2015-01-13,1.247,1.247,1.247,1.247,0,0
2015-01-14,1.235,1.235,1.235,1.235,0,0
2015-01-15,1.249,1.249,1.249,1.249,0,0
2015-01-16,1.263,1.263,1.263,1.263,0,0
2015-01-19,1.22,1.22,1.22,1.22,0,0
2015-01-20,1.259,1.259,1.259,1.259,0,0
2015-01-21,1.302,1.302,1.302,1.302,0,0
2015-01-22,1.3077,1.3077,1.3077,1.3077,0,0
2015-01-23,1.3019,1.3019,1.3019,1.3019,0,0
2015-01-26,1.3285,1.3285,1.3285,1.3285,0,0
2015-01-27,1.3319,1.3319,1.3319,1.3319,0,0
2015-01-28,1.3181,1.3181,1.3181,1.3181,0,0
2015-01-29,1.31,1.31,1.31,1.31,0,0
2015-01-30,1.3042,1.3042,1.3042,1.3042,0,0
2015-02-02,1.303,1.303,1.303,1.303,0,0
2015-02-03,1.325,1.325,1.325,1.325,0,0
2015-02-04,1.3169,1.3169,1.3169,1.3169,0,0
2015-02-05,1.3146,1.3146,1.3146,1.3146,0,0
2015-02-06,1.2996,1.2996,1.2996,1.2996,0,0
2015-02-09,1.295,1.295,1.295,1.295,0,0
2015-02-10,1.3123,1.3123,1.3123,1.3123,0,0
2015-02-11,1.3285,1.3285,1.3285,1.3285,0,0
2015-02-12,1.3377,1.3377,1.3377,1.3377,0,0
2015-02-13,1.3504,1.3504,1.3504,1.3504,0,0
2015-02-16,1.3643,1.3643,1.3643,1.3643,0,0
2015-02-17,1.3758,1.3758,1.3758,1.3758,0,0
2015-02-25,1.3585,1.3585,1.3585,1.3585,0,0
2015-02-26,1.3631,1.3631,1.3631,1.3631,0,0
2015-02-27,1.3712,1.3712,1.3712,1.3712,0,0
2015-03-02,1.3966,1.3966,1.3966,1.3966,0,0
2015-03-03,1.3781,1.3781,1.3781,1.3781,0,0
2015-03-04,1.3989,1.3989,1.3989,1.3989,0,0
2015-03-05,1.3943,1.3943,1.3943,1.3943,0,0
2015-03-06,1.3712,1.3712,1.3712,1.3712,0,0
2015-03-09,1.3966,1.3966,1.3966,1.3966,0,0
2015-03-10,1.4186,1.4186,1.4186,1.4186,0,0
2015-03-11,1.4266,1.4266,1.4266,1.4266,0,0
2015-03-12,1.4243,1.4243,1.4243,1.4243,0,0
2015-03-13,1.459,1.459,1.459,1.459,0,0
2015-03-16,1.5156,1.5156,1.5156,1.5156,0,0
2015-03-17,1.5387,1.5387,1.5387,1.5387,0,0
2015-03-18,1.5664,1.5664,1.5664,1.5664,0,0
2015-03-19,1.556,1.556,1.556,1.556,0,0
2015-03-20,1.5676,1.5676,1.5676,1.5676,0,0
2015-03-23,1.6311,1.6311,1.6311,1.6311,0,0
2015-03-24,1.6554,1.6554,1.6554,1.6554,0,0
2015-03-25,1.6762,1.6762,1.6762,1.6762,0,0
2015-03-26,1.6531,1.6531,1.6531,1.6531,0,0
2015-03-27,1.6831,1.6831,1.6831,1.6831,0,0
2015-03-30,1.69,1.69,1.69,1.69,0,0
2015-03-31,1.6854,1.6854,1.6854,1.6854,0,0
2015-04-01,1.7166,1.7166,1.7166,1.7166,0,0
2015-04-02,1.7432,1.7432,1.7432,1.7432,0,0
2015-04-03,1.7524,1.7524,1.7524,1.7524,0,0
2015-04-07,1.7928,1.7928,1.7928,1.7928,0,0
2015-04-08,1.7882,1.7882,1.7882,1.7882,0,0
2015-04-09,1.7951,1.7951,1.7951,1.7951,0,0
2015-04-10,1.8414,1.8414,1.8414,1.8414,0,0
2015-04-13,1.8818,1.8818,1.8818,1.8818,0,0
2015-04-14,1.8633,1.8633,1.8633,1.8633,0,0
2015-04-15,1.8263,1.8263,1.8263,1.8263,0,0
2015-04-16,1.8633,1.8633,1.8633,1.8633,0,0
2015-04-17,1.8876,1.8876,1.8876,1.8876,0,0
2015-04-20,1.8356,1.8356,1.8356,1.8356,0,0
2015-04-21,1.8877,1.8877,1.8877,1.8877,0,0
2015-04-22,1.922,1.922,1.922,1.922,0,0
2015-04-23,1.9362,1.9362,1.9362,1.9362,0,0
2015-04-24,1.9234,1.9234,1.9234,1.9234,0,0
2015-04-27,1.9462,1.9462,1.9462,1.9462,0,0
2015-04-28,1.902,1.902,1.902,1.902,0,0
2015-04-29,1.9305,1.9305,1.9305,1.9305,0,0
2015-04-30,1.9448,1.9448,1.9448,1.9448,0,0
2015-05-04,1.9705,1.9705,1.9705,1.9705,0,0
2015-05-05,1.9277,1.9277,1.9277,1.9277,0,0
2015-05-06,1.9291,1.9291,1.9291,1.9291,0,0
2015-05-07,1.892,1.892,1.892,1.892,0,0
2015-05-08,1.9619,1.9619,1.9619,1.9619,0,0
2015-05-11,2.0619,2.0619,2.0619,2.0619,0,0
2015-05-12,2.1219,2.1219,2.1219,2.1219,0,0
2015-05-13,2.1419,2.1419,2.1419,2.1419,0,0
2015-05-14,2.1704,2.1704,2.1704,2.1704,0,0
2015-05-15,2.1733,2.1733,2.1733,2.1733,0,0
2015-05-18,2.2404,2.2404,2.2404,2.2404,0,0
2015-05-19,2.2618,2.2618,2.2618,2.2618,0,0
2015-05-20,2.2804,2.2804,2.2804,2.2804,0,0
2015-05-21,2.3318,2.3318,2.3318,2.3318,0,0
2015-05-22,2.3146,2.3146,2.3146,2.3146,0,0
2015-05-25,2.3561,2.3561,2.3561,2.3561,0,0
2015-05-26,2.4589,2.4589,2.4589,2.4589,0,0
2015-05-27,2.4717,2.4717,2.4717,2.4717,0,0
2015-05-28,2.3432,2.3432,2.3432,2.3432,0,0
2015-05-29,2.3718,2.3718,2.3718,2.3718,0,0
2015-06-01,2.4603,2.4603,2.4603,2.4603,0,0
2015-06-02,2.5331,2.5331,2.5331,2.5331,0,0
2015-06-03,2.5345,2.5345,2.5345,2.5345,0,0
2015-06-04,2.506,2.506,2.506,2.506,0,0
2015-06-05,2.526,2.526,2.526,2.526,0,0
2015-06-08,2.4974,2.4974,2.4974,2.4974,0,0
2015-06-09,2.4646,2.4646,2.4646,2.4646,0,0
2015-06-10,2.5145,2.5145,2.5145,2.5145,0,0
2015-06-11,2.536,2.536,2.536,2.536,0,0
2015-06-12,2.5702,2.5702,2.5702,2.5702,0,0
2015-06-15,2.5331,2.5331,2.5331,2.5331,0,0
2015-06-16,2.466,2.466,2.466,2.466,0,0
2015-06-17,2.4817,2.4817,2.4817,2.4817,0,0
2015-06-18,2.4132,2.4132,2.4132,2.4132,0,0
2015-06-19,2.3132,2.3132,2.3132,2.3132,0,0
2015-06-23,2.3289,2.3289,2.3289,2.3289,0,0
2015-06-24,2.3618,2.3618,2.3618,2.3618,0,0
2015-06-25,2.2832,2.2832,2.2832,2.2832,0,0
2015-06-26,2.1276,2.1276,2.1276,2.1276,0,0
2015-06-29,2.0276,2.0276,2.0276,2.0276,0,0
2015-06-30,2.1119,2.1119,2.1119,2.1119,0,0
2015-07-01,2.0505,2.0505,2.0505,2.0505,0,0
2015-07-02,1.952,1.952,1.952,1.952,0,0
2015-07-03,1.8863,1.8863,1.8863,1.8863,0,0
2015-07-06,1.8591,1.8591,1.8591,1.8591,0,0
2015-07-07,1.7321,1.7321,1.7321,1.7321,0,0
2015-07-08,1.6492,1.6492,1.6492,1.6492,0,0
2015-07-09,1.7306,1.7306,1.7306,1.7306,0,0
2015-07-10,1.8349,1.8349,1.8349,1.8349,0,0
2015-07-13,1.9562,1.9562,1.9562,1.9562,0,0
2015-07-14,1.9691,1.9691,1.9691,1.9691,0,0
2015-07-15,1.8577,1.8577,1.8577,1.8577,0,0
2015-07-16,1.8877,1.8877,1.8877,1.8877,0,0
2015-07-17,1.9777,1.9777,1.9777,1.9777,0,0
2015-07-20,2.0246,2.0246,2.0246,2.0246,0,0
2015-07-21,2.0893,2.0893,2.0893,2.0893,0,0
2015-07-22,2.1088,2.1088,2.1088,2.1088,0,0
2015-07-23,2.1421,2.1421,2.1421,2.1421,0,0
2015-07-24,2.0951,2.0951,2.0951,2.0951,0,0
2015-07-27,1.9463,1.9463,1.9463,1.9463,0,0
2015-07-28,1.9111,1.9111,1.9111,1.9111,0,0
2015-07-29,1.9581,1.9581,1.9581,1.9581,0,0
2015-07-30,1.915,1.915,1.915,1.915,0,0
2015-07-31,1.9072,1.9072,1.9072,1.9072,0,0
2015-08-03,1.8915,1.8915,1.8915,1.8915,0,0
2015-08-04,1.9444,1.9444,1.9444,1.9444,0,0
2015-08-05,1.9346,1.9346,1.9346,1.9346,0,0
2015-08-06,1.917,1.917,1.917,1.917,0,0
2015-08-07,1.96,1.96,1.96,1.96,0,0
2015-08-10,2.0384,2.0384,2.0384,2.0384,0,0
2015-08-11,2.0403,2.0403,2.0403,2.0403,0,0
2015-08-12,2.0364,2.0364,2.0364,2.0364,0,0
2015-08-13,2.0638,2.0638,2.0638,2.0638,0,0
2015-08-14,2.0677,2.0677,2.0677,2.0677,0,0
2015-08-17,2.0951,2.0951,2.0951,2.0951,0,0
2015-08-18,1.9777,1.9777,1.9777,1.9777,0,0
2015-08-19,2.0129,2.0129,2.0129,2.0129,0,0
2015-08-20,1.962,1.962,1.962,1.962,0,0
2015-08-21,1.8915,1.8915,1.8915,1.8915,0,0
2015-08-24,1.7681,1.7681,1.7681,1.7681,0,0
2015-08-25,1.6898,1.6898,1.6898,1.6898,0,0
2015-08-26,1.7172,1.7172,1.7172,1.7172,0,0
2015-08-27,1.776,1.776,1.776,1.776,0,0
2015-08-28,1.8367,1.8367,1.8367,1.8367,0,0
2015-08-31,1.8093,1.8093,1.8093,1.8093,0,0
2015-09-01,1.7779,1.7779,1.7779,1.7779,0,0
2015-09-02,1.7721,1.7721,1.7721,1.7721,0,0
2015-09-07,1.7544,1.7544,1.7544,1.7544,0,0
2015-09-08,1.7995,1.7995,1.7995,1.7995,0,0
2015-09-09,1.8308,1.8308,1.8308,1.8308,0,0
2015-09-10,1.8308,1.8308,1.8308,1.8308,0,0
2015-09-11,1.8328,1.8328,1.8328,1.8328,0,0
2015-09-14,1.7603,1.7603,1.7603,1.7603,0,0
2015-09-15,1.7094,1.7094,1.7094,1.7094,0,0
2015-09-16,1.7877,1.7877,1.7877,1.7877,0,0
2015-09-17,1.7407,1.7407,1.7407,1.7407,0,0
2015-09-18,1.7486,1.7486,1.7486,1.7486,0,0
2015-09-21,1.7916,1.7916,1.7916,1.7916,0,0
2015-09-22,1.7995,1.7995,1.7995,1.7995,0,0
2015-09-23,1.7721,1.7721,1.7721,1.7721,0,0
2015-09-24,1.7897,1.7897,1.7897,1.7897,0,0
2015-09-25,1.7368,1.7368,1.7368,1.7368,0,0
2015-09-28,1.7701,1.7701,1.7701,1.7701,0,0
2015-09-29,1.7525,1.7525,1.7525,1.7525,0,0
2015-09-30,1.7525,1.7525,1.7525,1.7525,0,0
2015-10-08,1.8112,1.8112,1.8112,1.8112,0,0
2015-10-09,1.8347,1.8347,1.8347,1.8347,0,0
2015-10-12,1.8915,1.8915,1.8915,1.8915,0,0
2015-10-13,1.9072,1.9072,1.9072,1.9072,0,0
2015-10-14,1.8974,1.8974,1.8974,1.8974,0,0
2015-10-15,1.9444,1.9444,1.9444,1.9444,0,0
2015-10-16,1.962,1.962,1.962,1.962,0,0
2015-10-19,1.9581,1.9581,1.9581,1.9581,0,0
2015-10-20,1.9855,1.9855,1.9855,1.9855,0,0
2015-10-21,1.9013,1.9013,1.9013,1.9013,0,0
2015-10-22,1.9404,1.9404,1.9404,1.9404,0,0
2015-10-23,1.9796,1.9796,1.9796,1.9796,0,0
2015-10-26,1.9855,1.9855,1.9855,1.9855,0,0
2015-10-27,1.9816,1.9816,1.9816,1.9816,0,0
2015-10-28,1.9757,1.9757,1.9757,1.9757,0,0
2015-10-29,1.9737,1.9737,1.9737,1.9737,0,0
2015-10-30,1.9777,1.9777,1.9777,1.9777,0,0
2015-11-02,1.9463,1.9463,1.9463,1.9463,0,0
2015-11-03,1.9463,1.9463,1.9463,1.9463,0,0
2015-11-04,2.0129,2.0129,2.0129,2.0129,0,0
2015-11-05,2.0011,2.0011,2.0011,2.0011,0,0
2015-11-06,2.0423,2.0423,2.0423,2.0423,0,0
2015-11-09,2.0579,2.0579,2.0579,2.0579,0,0
2015-11-10,2.0638,2.0638,2.0638,2.0638,0,0
2015-11-11,2.0893,2.0893,2.0893,2.0893,0,0
2015-11-12,2.0991,2.0991,2.0991,2.0991,0,0
2015-11-13,2.0677,2.0677,2.0677,2.0677,0,0
2015-11-16,2.0893,2.0893,2.0893,2.0893,0,0
2015-11-17,2.0912,2.0912,2.0912,2.0912,0,0
2015-11-18,2.0814,2.0814,2.0814,2.0814,0,0
2015-11-19,2.1186,2.1186,2.1186,2.1186,0,0
2015-11-20,2.146,2.146,2.146,2.146,0,0
2015-11-23,2.1382,2.1382,2.1382,2.1382,0,0
2015-11-24,2.146,2.146,2.146,2.146,0,0
2015-11-25,2.1656,2.1656,2.1656,2.1656,0,0
2015-11-26,2.1793,2.1793,2.1793,2.1793,0,0
2015-11-27,2.0756,2.0756,2.0756,2.0756,0,0
2015-11-30,2.0736,2.0736,2.0736,2.0736,0,0
2015-12-01,2.1069,2.1069,2.1069,2.1069,0,0
2015-12-02,2.0716,2.0716,2.0716,2.0716,0,0
2015-12-03,2.0991,2.0991,2.0991,2.0991,0,0
2015-12-04,2.0991,2.0991,2.0991,2.0991,0,0
2015-12-07,2.1206,2.1206,2.1206,2.1206,0,0
2015-12-08,2.1049,2.1049,2.1049,2.1049,0,0
2015-12-09,2.1069,2.1069,2.1069,2.1069,0,0
2015-12-10,2.0951,2.0951,2.0951,2.0951,0,0
2015-12-11,2.0756,2.0756,2.0756,2.0756,0,0
2015-12-14,2.1049,2.1049,2.1049,2.1049,0,0
2015-12-15,2.1225,2.1225,2.1225,2.1225,0,0
2015-12-16,2.1225,2.1225,2.1225,2.1225,0,0
2015-12-17,2.1637,2.1637,2.1637,2.1637,0,0
2015-12-18,2.1637,2.1637,2.1637,2.1637,0,0
2015-12-21,2.195,2.195,2.195,2.195,0,0
2015-12-22,2.2302,2.2302,2.2302,2.2302,0,0
2015-12-23,2.2009,2.2009,2.2009,2.2009,0,0
2015-12-24,2.2107,2.2107,2.2107,2.2107,0,0
2015-12-25,2.2322,2.2322,2.2322,2.2322,0,0
2015-12-28,2.195,2.195,2.195,2.195,0,0
2015-12-29,2.2185,2.2185,2.2185,2.2185,0,0
2015-12-30,2.2302,2.2302,2.2302,2.2302,0,0
2015-12-31,2.2067,2.2067,2.2067,2.2067,0,0
2016-01-04,2.0775,2.0775,2.0775,2.0775,0,0
2016-01-05,2.0932,2.0932,2.0932,2.0932,0,0
2016-01-06,2.1323,2.1323,2.1323,2.1323,0,0
2016-01-07,2.0168,2.0168,2.0168,2.0168,0,0
2016-01-08,2.0442,2.0442,2.0442,2.0442,0,0
2016-01-11,1.9561,1.9561,1.9561,1.9561,0,0
2016-01-12,1.9483,1.9483,1.9483,1.9483,0,0
2016-01-13,1.9091,1.9091,1.9091,1.9091,0,0
2016-01-14,1.9404,1.9404,1.9404,1.9404,0,0
2016-01-15,1.8993,1.8993,1.8993,1.8993,0,0
2016-01-18,1.913,1.913,1.913,1.913,0,0
2016-01-19,1.9639,1.9639,1.9639,1.9639,0,0
2016-01-20,1.9424,1.9424,1.9424,1.9424,0,0
2016-01-21,1.8974,1.8974,1.8974,1.8974,0,0
2016-01-22,1.913,1.913,1.913,1.913,0,0
2016-01-25,1.9365,1.9365,1.9365,1.9365,0,0
2016-01-26,1.8484,1.8484,1.8484,1.8484,0,0
2016-01-27,1.8171,1.8171,1.8171,1.8171,0,0
2016-01-28,1.7877,1.7877,1.7877,1.7877,0,0
2016-01-29,1.8328,1.8328,1.8328,1.8328,0,0
2016-02-01,1.8288,1.8288,1.8288,1.8288,0,0
2016-02-02,1.8641,1.8641,1.8641,1.8641,0,0
2016-02-03,1.866,1.866,1.866,1.866,0,0
2016-02-04,1.8817,1.8817,1.8817,1.8817,0,0
2016-02-05,1.8719,1.8719,1.8719,1.8719,0,0
2016-02-15,1.8739,1.8739,1.8739,1.8739,0,0
2016-02-16,1.915,1.915,1.915,1.915,0,0
2016-02-17,1.9267,1.9267,1.9267,1.9267,0,0
2016-02-18,1.9189,1.9189,1.9189,1.9189,0,0
2016-02-19,1.9189,1.9189,1.9189,1.9189,0,0
2016-02-22,1.9424,1.9424,1.9424,1.9424,0,0
2016-02-23,1.9307,1.9307,1.9307,1.9307,0,0
2016-02-24,1.9346,1.9346,1.9346,1.9346,0,0
2016-02-25,1.8406,1.8406,1.8406,1.8406,0,0
2016-02-26,1.8504,1.8504,1.8504,1.8504,0,0
2016-02-29,1.8171,1.8171,1.8171,1.8171,0,0
2016-03-01,1.8347,1.8347,1.8347,1.8347,0,0
2016-03-02,1.8935,1.8935,1.8935,1.8935,0,0
2016-03-03,1.8915,1.8915,1.8915,1.8915,0,0
2016-03-04,1.8719,1.8719,1.8719,1.8719,0,0
2016-03-07,1.8856,1.8856,1.8856,1.8856,0,0
2016-03-08,1.8856,1.8856,1.8856,1.8856,0,0
2016-03-09,1.8641,1.8641,1.8641,1.8641,0,0
2016-03-10,1.8582,1.8582,1.8582,1.8582,0,0
2016-03-11,1.8602,1.8602,1.8602,1.8602,0,0
2016-03-14,1.8915,1.8915,1.8915,1.8915,0,0
2016-03-15,1.8856,1.8856,1.8856,1.8856,0,0
2016-03-16,1.8641,1.8641,1.8641,1.8641,0,0
2016-03-17,1.8895,1.8895,1.8895,1.8895,0,0
2016-03-18,1.9248,1.9248,1.9248,1.9248,0,0
2016-03-21,1.9463,1.9463,1.9463,1.9463,0,0
2016-03-22,1.9404,1.9404,1.9404,1.9404,0,0
2016-03-23,1.9463,1.9463,1.9463,1.9463,0,0
2016-03-24,1.9326,1.9326,1.9326,1.9326,0,0
2016-03-25,1.9404,1.9404,1.9404,1.9404,0,0
2016-03-28,1.9463,1.9463,1.9463,1.9463,0,0
2016-03-29,1.9189,1.9189,1.9189,1.9189,0,0
2016-03-30,1.9581,1.9581,1.9581,1.9581,0,0
2016-03-31,1.9581,1.9581,1.9581,1.9581,0,0
2016-04-01,1.9483,1.9483,1.9483,1.9483,0,0
2016-04-05,1.9816,1.9816,1.9816,1.9816,0,0
2016-04-06,1.9914,1.9914,1.9914,1.9914,0,0
2016-04-07,1.9679,1.9679,1.9679,1.9679,0,0
2016-04-08,1.9561,1.9561,1.9561,1.9561,0,0
2016-04-11,1.9835,1.9835,1.9835,1.9835,0,0
2016-04-12,1.9737,1.9737,1.9737,1.9737,0,0
2016-04-13,1.9992,1.9992,1.9992,1.9992,0,0
2016-04-14,2.0129,2.0129,2.0129,2.0129,0,0
2016-04-15,2.0129,2.0129,2.0129,2.0129,0,0
2016-04-18,1.9777,1.9777,1.9777,1.9777,0,0
2016-04-19,1.9777,1.9777,1.9777,1.9777,0,0
2016-04-20,1.9248,1.9248,1.9248,1.9248,0,0
2016-04-21,1.915,1.915,1.915,1.915,0,0
2016-04-22,1.9072,1.9072,1.9072,1.9072,0,0
2016-04-25,1.9013,1.9013,1.9013,1.9013,0,0
2016-04-26,1.9287,1.9287,1.9287,1.9287,0,0
2016-04-27,1.9287,1.9287,1.9287,1.9287,0,0
2016-04-28,1.9267,1.9267,1.9267,1.9267,0,0
2016-04-29,1.9307,1.9307,1.9307,1.9307,0,0
2016-05-03,1.9639,1.9639,1.9639,1.9639,0,0
2016-05-04,1.9561,1.9561,1.9561,1.9561,0,0
2016-05-05,1.9542,1.9542,1.9542,1.9542,0,0
2016-05-06,1.8974,1.8974,1.8974,1.8974,0,0
2016-05-09,1.8504,1.8504,1.8504,1.8504,0,0
2016-05-10,1.8523,1.8523,1.8523,1.8523,0,0
2016-05-11,1.8504,1.8504,1.8504,1.8504,0,0
2016-05-12,1.8386,1.8386,1.8386,1.8386,0,0
2016-05-13,1.8269,1.8269,1.8269,1.8269,0,0
2016-05-16,1.8563,1.8563,1.8563,1.8563,0,0
2016-05-17,1.8445,1.8445,1.8445,1.8445,0,0
2016-05-18,1.8112,1.8112,1.8112,1.8112,0,0
2016-05-19,1.8112,1.8112,1.8112,1.8112,0,0
2016-05-20,1.8151,1.8151,1.8151,1.8151,0,0
2016-05-23,1.8308,1.8308,1.8308,1.8308,0,0
2016-05-24,1.8151,1.8151,1.8151,1.8151,0,0
2016-05-25,1.8014,1.8014,1.8014,1.8014,0,0
2016-05-26,1.8093,1.8093,1.8093,1.8093,0,0
2016-05-27,1.8093,1.8093,1.8093,1.8093,0,0
2016-05-30,1.8132,1.8132,1.8132,1.8132,0,0
2016-05-31,1.8563,1.8563,1.8563,1.8563,0,0
2016-06-01,1.8543,1.8543,1.8543,1.8543,0,0
2016-06-02,1.8602,1.8602,1.8602,1.8602,0,0
2016-06-03,1.8758,1.8758,1.8758,1.8758,0,0
2016-06-06,1.8778,1.8778,1.8778,1.8778,0,0
2016-06-07,1.8817,1.8817,1.8817,1.8817,0,0
2016-06-08,1.8739,1.8739,1.8739,1.8739,0,0
2016-06-13,1.8308,1.8308,1.8308,1.8308,0,0
2016-06-14,1.8445,1.8445,1.8445,1.8445,0,0
2016-06-15,1.8719,1.8719,1.8719,1.8719,0,0
2016-06-16,1.87,1.87,1.87,1.87,0,0
2016-06-17,1.8778,1.8778,1.8778,1.8778,0,0
2016-06-20,1.8758,1.8758,1.8758,1.8758,0,0
2016-06-21,1.868,1.868,1.868,1.868,0,0
2016-06-22,1.8837,1.8837,1.8837,1.8837,0,0
2016-06-23,1.8758,1.8758,1.8758,1.8758,0,0
2016-06-24,1.866,1.866,1.866,1.866,0,0
2016-06-27,1.8954,1.8954,1.8954,1.8954,0,0
2016-06-28,1.8993,1.8993,1.8993,1.8993,0,0
2016-06-29,1.8974,1.8974,1.8974,1.8974,0,0
2016-06-30,1.8993,1.8993,1.8993,1.8993,0,0
2016-07-01,1.9052,1.9052,1.9052,1.9052,0,0
2016-07-04,1.917,1.917,1.917,1.917,0,0
2016-07-05,1.9248,1.9248,1.9248,1.9248,0,0
2016-07-06,1.9679,1.9679,1.9679,1.9679,0,0
2016-07-07,1.9698,1.9698,1.9698,1.9698,0,0
2016-07-08,1.96,1.96,1.96,1.96,0,0
2016-07-11,1.9679,1.9679,1.9679,1.9679,0,0
2016-07-12,1.9953,1.9953,1.9953,1.9953,0,0
2016-07-13,1.9933,1.9933,1.9933,1.9933,0,0
2016-07-14,1.9953,1.9953,1.9953,1.9953,0,0
2016-07-15,1.9992,1.9992,1.9992,1.9992,0,0
2016-07-18,1.9874,1.9874,1.9874,1.9874,0,0
2016-07-19,1.9737,1.9737,1.9737,1.9737,0,0
2016-07-20,1.9796,1.9796,1.9796,1.9796,0,0
2016-07-21,1.9835,1.9835,1.9835,1.9835,0,0
2016-07-22,1.9659,1.9659,1.9659,1.9659,0,0
2016-07-25,1.9679,1.9679,1.9679,1.9679,0,0
2016-07-26,1.9894,1.9894,1.9894,1.9894,0,0
2016-07-27,1.9542,1.9542,1.9542,1.9542,0,0
2016-07-28,1.9639,1.9639,1.9639,1.9639,0,0
2016-07-29,1.9542,1.9542,1.9542,1.9542,0,0
2016-08-01,1.9463,1.9463,1.9463,1.9463,0,0
2016-08-02,1.9522,1.9522,1.9522,1.9522,0,0
2016-08-03,1.9561,1.9561,1.9561,1.9561,0,0
2016-08-04,1.962,1.962,1.962,1.962,0,0
2016-08-05,1.9581,1.9581,1.9581,1.9581,0,0
2016-08-08,1.962,1.962,1.962,1.962,0,0
2016-08-09,1.9698,1.9698,1.9698,1.9698,0,0
2016-08-10,1.9639,1.9639,1.9639,1.9639,0,0
2016-08-11,1.9561,1.9561,1.9561,1.9561,0,0
2016-08-12,1.9679,1.9679,1.9679,1.9679,0,0
2016-08-15,1.9933,1.9933,1.9933,1.9933,0,0
2016-08-16,1.9992,1.9992,1.9992,1.9992,0,0
2016-08-17,2.0011,2.0011,2.0011,2.0011,0,0
2016-08-18,1.9914,1.9914,1.9914,1.9914,0,0
2016-08-19,1.9894,1.9894,1.9894,1.9894,0,0
2016-08-22,1.9796,1.9796,1.9796,1.9796,0,0
2016-08-23,1.9855,1.9855,1.9855,1.9855,0,0
2016-08-24,1.9992,1.9992,1.9992,1.9992,0,0
2016-08-25,1.9972,1.9972,1.9972,1.9972,0,0
2016-08-26,2.0011,2.0011,2.0011,2.0011,0,0
2016-08-29,1.9972,1.9972,1.9972,1.9972,0,0
2016-08-30,1.9972,1.9972,1.9972,1.9972,0,0
2016-08-31,1.9933,1.9933,1.9933,1.9933,0,0
2016-09-01,1.9972,1.9972,1.9972,1.9972,0,0
2016-09-02,1.9914,1.9914,1.9914,1.9914,0,0
2016-09-05,1.9914,1.9914,1.9914,1.9914,0,0
2016-09-06,2.0051,2.0051,2.0051,2.0051,0,0
2016-09-07,2.0051,2.0051,2.0051,2.0051,0,0
2016-09-08,2.009,2.009,2.009,2.009,0,0
2016-09-09,2.0109,2.0109,2.0109,2.0109,0,0
2016-09-12,1.9777,1.9777,1.9777,1.9777,0,0
2016-09-13,1.9796,1.9796,1.9796,1.9796,0,0
2016-09-14,1.9639,1.9639,1.9639,1.9639,0,0
2016-09-19,1.9796,1.9796,1.9796,1.9796,0,0
2016-09-20,2.0011,2.0011,2.0011,2.0011,0,0
2016-09-21,2.0149,2.0149,2.0149,2.0149,0,0
2016-09-22,2.0325,2.0325,2.0325,2.0325,0,0
2016-09-23,2.0246,2.0246,2.0246,2.0246,0,0
2016-09-26,1.9933,1.9933,1.9933,1.9933,0,0
2016-09-27,1.9992,1.9992,1.9992,1.9992,0,0
2016-09-28,2.0011,2.0011,2.0011,2.0011,0,0
2016-09-29,2.0031,2.0031,2.0031,2.0031,0,0
2016-09-30,2.0031,2.0031,2.0031,2.0031,0,0
2016-10-10,2.0364,2.0364,2.0364,2.0364,0,0
2016-10-11,2.054,2.054,2.054,2.054,0,0
2016-10-12,2.0442,2.0442,2.0442,2.0442,0,0
2016-10-13,2.0442,2.0442,2.0442,2.0442,0,0
2016-10-14,2.0384,2.0384,2.0384,2.0384,0,0
2016-10-17,2.0246,2.0246,2.0246,2.0246,0,0
2016-10-18,2.0521,2.0521,2.0521,2.0521,0,0
2016-10-19,2.0423,2.0423,2.0423,2.0423,0,0
2016-10-20,2.0423,2.0423,2.0423,2.0423,0,0
2016-10-21,2.0305,2.0305,2.0305,2.0305,0,0
2016-10-24,2.0501,2.0501,2.0501,2.0501,0,0
2016-10-25,2.0481,2.0481,2.0481,2.0481,0,0
2016-10-26,2.0423,2.0423,2.0423,2.0423,0,0
2016-10-27,2.0403,2.0403,2.0403,2.0403,0,0
2016-10-28,2.0325,2.0325,2.0325,2.0325,0,0
2016-10-31,2.0403,2.0403,2.0403,2.0403,0,0
2016-11-01,2.054,2.054,2.054,2.054,0,0
2016-11-02,2.054,2.054,2.054,2.054,0,0
2016-11-03,2.0579,2.0579,2.0579,2.0579,0,0
2016-11-04,2.0462,2.0462,2.0462,2.0462,0,0
2016-11-07,2.0462,2.0462,2.0462,2.0462,0,0
2016-11-08,2.0618,2.0618,2.0618,2.0618,0,0
2016-11-09,2.0442,2.0442,2.0442,2.0442,0,0
2016-11-10,2.056,2.056,2.056,2.056,0,0
2016-11-11,2.0521,2.0521,2.0521,2.0521,0,0
2016-11-14,2.0501,2.0501,2.0501,2.0501,0,0
2016-11-15,2.0638,2.0638,2.0638,2.0638,0,0
2016-11-16,2.0658,2.0658,2.0658,2.0658,0,0
2016-11-17,2.0638,2.0638,2.0638,2.0638,0,0
2016-11-18,2.0638,2.0638,2.0638,2.0638,0,0
2016-11-21,2.0618,2.0618,2.0618,2.0618,0,0
2016-11-22,2.0677,2.0677,2.0677,2.0677,0,0
2016-11-23,2.0579,2.0579,2.0579,2.0579,0,0
2016-11-24,2.0423,2.0423,2.0423,2.0423,0,0
2016-11-25,2.0501,2.0501,2.0501,2.0501,0,0
2016-11-28,2.0481,2.0481,2.0481,2.0481,0,0
2016-11-29,2.0442,2.0442,2.0442,2.0442,0,0
2016-11-30,2.0344,2.0344,2.0344,2.0344,0,0
2016-12-01,2.0384,2.0384,2.0384,2.0384,0,0
2016-12-02,2.007,2.007,2.007,2.007,0,0
2016-12-05,1.9953,1.9953,1.9953,1.9953,0,0
2016-12-06,2.0011,2.0011,2.0011,2.0011,0,0
2016-12-07,2.009,2.009,2.009,2.009,0,0
2016-12-08,2.0011,2.0011,2.0011,2.0011,0,0
2016-12-09,1.9972,1.9972,1.9972,1.9972,0,0
2016-12-12,1.9209,1.9209,1.9209,1.9209,0,0
2016-12-13,1.9209,1.9209,1.9209,1.9209,0,0
2016-12-14,1.913,1.913,1.913,1.913,0,0
2016-12-15,1.9111,1.9111,1.9111,1.9111,0,0
2016-12-16,1.9248,1.9248,1.9248,1.9248,0,0
2016-12-19,1.913,1.913,1.913,1.913,0,0
2016-12-20,1.9111,1.9111,1.9111,1.9111,0,0
2016-12-21,1.9209,1.9209,1.9209,1.9209,0,0
2016-12-22,1.9189,1.9189,1.9189,1.9189,0,0
2016-12-23,1.9032,1.9032,1.9032,1.9032,0,0
2016-12-26,1.9052,1.9052,1.9052,1.9052,0,0
2016-12-27,1.9111,1.9111,1.9111,1.9111,0,0
2016-12-28,1.9032,1.9032,1.9032,1.9032,0,0
2016-12-29,1.8993,1.8993,1.8993,1.8993,0,0
2016-12-30,1.9072,1.9072,1.9072,1.9072,0,0
2016-12-31,1.9072,1.9072,1.9072,1.9072,0,0
2017-01-03,1.9209,1.9209,1.9209,1.9209,0,0
2017-01-04,1.9307,1.9307,1.9307,1.9307,0,0
2017-01-05,1.9365,1.9365,1.9365,1.9365,0,0
2017-01-06,1.9228,1.9228,1.9228,1.9228,0,0
2017-01-09,1.9463,1.9463,1.9463,1.9463,0,0
2017-01-10,1.9365,1.9365,1.9365,1.9365,0,0
2017-01-11,1.9189,1.9189,1.9189,1.9189,0,0
2017-01-12,1.9091,1.9091,1.9091,1.9091,0,0
2017-01-13,1.8876,1.8876,1.8876,1.8876,0,0
2017-01-16,1.8602,1.8602,1.8602,1.8602,0,0
2017-01-17,1.8758,1.8758,1.8758,1.8758,0,0
2017-01-18,1.8778,1.8778,1.8778,1.8778,0,0
2017-01-19,1.8817,1.8817,1.8817,1.8817,0,0
2017-01-20,1.9013,1.9013,1.9013,1.9013,0,0
2017-01-23,1.9052,1.9052,1.9052,1.9052,0,0
2017-01-24,1.913,1.913,1.913,1.913,0,0
2017-01-25,1.9209,1.9209,1.9209,1.9209,0,0
2017-01-26,1.9248,1.9248,1.9248,1.9248,0,0
2017-02-03,1.9209,1.9209,1.9209,1.9209,0,0
2017-02-06,1.9307,1.9307,1.9307,1.9307,0,0
2017-02-07,1.9287,1.9287,1.9287,1.9287,0,0
2017-02-08,1.9404,1.9404,1.9404,1.9404,0,0
2017-02-09,1.9463,1.9463,1.9463,1.9463,0,0
2017-02-10,1.9424,1.9424,1.9424,1.9424,0,0
2017-02-13,1.9581,1.9581,1.9581,1.9581,0,0
2017-02-14,1.9542,1.9542,1.9542,1.9542,0,0
2017-02-15,1.9444,1.9444,1.9444,1.9444,0,0
2017-02-16,1.9561,1.9561,1.9561,1.9561,0,0
2017-02-17,1.9463,1.9463,1.9463,1.9463,0,0
2017-02-20,1.9757,1.9757,1.9757,1.9757,0,0
2017-02-21,1.9835,1.9835,1.9835,1.9835,0,0
2017-02-22,1.9953,1.9953,1.9953,1.9953,0,0
2017-02-23,1.9894,1.9894,1.9894,1.9894,0,0
2017-02-24,1.9835,1.9835,1.9835,1.9835,0,0
2017-02-27,1.9483,1.9483,1.9483,1.9483,0,0
2017-02-28,1.9639,1.9639,1.9639,1.9639,0,0
2017-03-01,1.9659,1.9659,1.9659,1.9659,0,0
2017-03-02,1.9581,1.9581,1.9581,1.9581,0,0
2017-03-03,1.9679,1.9679,1.9679,1.9679,0,0
2017-03-06,1.9914,1.9914,1.9914,1.9914,0,0
2017-03-07,1.9972,1.9972,1.9972,1.9972,0,0
2017-03-08,1.9972,1.9972,1.9972,1.9972,0,0
2017-03-09,1.9835,1.9835,1.9835,1.9835,0,0
2017-03-10,1.9992,1.9992,1.9992,1.9992,0,0
2017-03-13,2.0168,2.0168,2.0168,2.0168,0,0
2017-03-14,2.009,2.009,2.009,2.009,0,0
2017-03-15,2.0149,2.0149,2.0149,2.0149,0,0
2017-03-16,2.0188,2.0188,2.0188,2.0188,0,0
2017-03-17,2.0031,2.0031,2.0031,2.0031,0,0
2017-03-20,2.0149,2.0149,2.0149,2.0149,0,0
2017-03-21,2.056,2.056,2.056,2.056,0,0
2017-03-22,2.0736,2.0736,2.0736,2.0736,0,0
2017-03-23,2.0677,2.0677,2.0677,2.0677,0,0
2017-03-24,2.0775,2.0775,2.0775,2.0775,0,0
2017-03-27,2.0462,2.0462,2.0462,2.0462,0,0
2017-03-28,2.0481,2.0481,2.0481,2.0481,0,0
2017-03-29,2.0481,2.0481,2.0481,2.0481,0,0
2017-03-30,2.0266,2.0266,2.0266,2.0266,0,0
2017-03-31,2.0481,2.0481,2.0481,2.0481,0,0
2017-04-05,2.0658,2.0658,2.0658,2.0658,0,0
2017-04-06,2.0736,2.0736,2.0736,2.0736,0,0
2017-04-07,2.0775,2.0775,2.0775,2.0775,0,0
2017-04-10,2.0618,2.0618,2.0618,2.0618,0,0
2017-04-11,2.0521,2.0521,2.0521,2.0521,0,0
2017-04-12,2.056,2.056,2.056,2.056,0,0
2017-04-13,2.0736,2.0736,2.0736,2.0736,0,0
2017-04-14,2.0579,2.0579,2.0579,2.0579,0,0
2017-04-17,2.0658,2.0658,2.0658,2.0658,0,0
2017-04-18,2.1049,2.1049,2.1049,2.1049,0,0
2017-04-19,2.1128,2.1128,2.1128,2.1128,0,0
2017-04-20,2.148,2.148,2.148,2.148,0,0
2017-04-21,2.1284,2.1284,2.1284,2.1284,0,0
2017-04-24,2.1069,2.1069,2.1069,2.1069,0,0
2017-04-25,2.1519,2.1519,2.1519,2.1519,0,0
2017-04-26,2.1343,2.1343,2.1343,2.1343,0,0
2017-04-27,2.1382,2.1382,2.1382,2.1382,0,0
2017-04-28,2.1049,2.1049,2.1049,2.1049,0,0
2017-05-02,2.1088,2.1088,2.1088,2.1088,0,0
2017-05-03,2.0991,2.0991,2.0991,2.0991,0,0
2017-05-04,2.101,2.101,2.101,2.101,0,0
2017-05-05,2.0932,2.0932,2.0932,2.0932,0,0
2017-05-08,2.054,2.054,2.054,2.054,0,0
2017-05-09,2.0736,2.0736,2.0736,2.0736,0,0
2017-05-10,2.0834,2.0834,2.0834,2.0834,0,0
2017-05-11,2.1206,2.1206,2.1206,2.1206,0,0
2017-05-12,2.1284,2.1284,2.1284,2.1284,0,0
2017-05-15,2.1578,2.1578,2.1578,2.1578,0,0
2017-05-16,2.1989,2.1989,2.1989,2.1989,0,0
2017-05-17,2.1617,2.1617,2.1617,2.1617,0,0
2017-05-18,2.1441,2.1441,2.1441,2.1441,0,0
2017-05-19,2.1558,2.1558,2.1558,2.1558,0,0
2017-05-22,2.1656,2.1656,2.1656,2.1656,0,0
2017-05-23,2.1911,2.1911,2.1911,2.1911,0,0
2017-05-24,2.1793,2.1793,2.1793,2.1793,0,0
2017-05-25,2.1735,2.1735,2.1735,2.1735,0,0
2017-05-26,2.1598,2.1598,2.1598,2.1598,0,0
2017-05-31,2.1598,2.1598,2.1598,2.1598,0,0
2017-06-01,2.1774,2.1774,2.1774,2.1774,0,0
2017-06-02,2.1676,2.1676,2.1676,2.1676,0,0
2017-06-05,2.1735,2.1735,2.1735,2.1735,0,0
2017-06-06,2.2087,2.2087,2.2087,2.2087,0,0
2017-06-07,2.2635,2.2635,2.2635,2.2635,0,0
2017-06-08,2.2909,2.2909,2.2909,2.2909,0,0
2017-06-09,2.3184,2.3184,2.3184,2.3184,0,0
2017-06-12,2.3164,2.3164,2.3164,2.3164,0,0
2017-06-13,2.3242,2.3242,2.3242,2.3242,0,0
2017-06-14,2.2831,2.2831,2.2831,2.2831,0,0
2017-06-15,2.2753,2.2753,2.2753,2.2753,0,0
2017-06-16,2.2733,2.2733,2.2733,2.2733,0,0
2017-06-19,2.2968,2.2968,2.2968,2.2968,0,0
2017-06-20,2.2909,2.2909,2.2909,2.2909,0,0
2017-06-21,2.3556,2.3556,2.3556,2.3556,0,0
2017-06-22,2.3458,2.3458,2.3458,2.3458,0,0
2017-06-23,2.3771,2.3771,2.3771,2.3771,0,0
2017-06-26,2.4045,2.4045,2.4045,2.4045,0,0
2017-06-27,2.4104,2.4104,2.4104,2.4104,0,0
2017-06-28,2.3673,2.3673,2.3673,2.3673,0,0
2017-06-29,2.3849,2.3849,2.3849,2.3849,0,0
2017-06-30,2.3947,2.3947,2.3947,2.3947,0,0
2017-07-03,2.3595,2.3595,2.3595,2.3595,0,0
2017-07-04,2.334,2.334,2.334,2.334,0,0
2017-07-05,2.3751,2.3751,2.3751,2.3751,0,0
2017-07-06,2.3751,2.3751,2.3751,2.3751,0,0
2017-07-07,2.3556,2.3556,2.3556,2.3556,0,0
2017-07-10,2.3419,2.3419,2.3419,2.3419,0,0
2017-07-11,2.3771,2.3771,2.3771,2.3771,0,0
2017-07-12,2.3595,2.3595,2.3595,2.3595,0,0
2017-07-13,2.3634,2.3634,2.3634,2.3634,0,0
2017-07-14,2.3771,2.3771,2.3771,2.3771,0,0
2017-07-17,2.3653,2.3653,2.3653,2.3653,0,0
2017-07-18,2.3536,2.3536,2.3536,2.3536,0,0
2017-07-19,2.3986,2.3986,2.3986,2.3986,0,0
2017-07-20,2.4202,2.4202,2.4202,2.4202,0,0
2017-07-21,2.4045,2.4045,2.4045,2.4045,0,0
2017-07-24,2.43,2.43,2.43,2.43,0,0
2017-07-25,2.426,2.426,2.426,2.426,0,0
2017-07-26,2.3967,2.3967,2.3967,2.3967,0,0
2017-07-27,2.4026,2.4026,2.4026,2.4026,0,0
2017-07-28,2.428,2.428,2.428,2.428,0,0
2017-07-31,2.428,2.428,2.428,2.428,0,0
2017-08-01,2.4456,2.4456,2.4456,2.4456,0,0
2017-08-02,2.4456,2.4456,2.4456,2.4456,0,0
2017-08-03,2.4006,2.4006,2.4006,2.4006,0,0
2017-08-04,2.3771,2.3771,2.3771,2.3771,0,0
2017-08-07,2.4202,2.4202,2.4202,2.4202,0,0
2017-08-08,2.4202,2.4202,2.4202,2.4202,0,0
2017-08-09,2.4495,2.4495,2.4495,2.4495,0,0
2017-08-10,2.4535,2.4535,2.4535,2.4535,0,0
2017-08-11,2.4182,2.4182,2.4182,2.4182,0,0
2017-08-14,2.4613,2.4613,2.4613,2.4613,0,0
2017-08-15,2.477,2.477,2.477,2.477,0,0
2017-08-16,2.4652,2.4652,2.4652,2.4652,0,0
2017-08-17,2.4456,2.4456,2.4456,2.4456,0,0
2017-08-18,2.4535,2.4535,2.4535,2.4535,0,0
2017-08-21,2.4574,2.4574,2.4574,2.4574,0,0
2017-08-22,2.4574,2.4574,2.4574,2.4574,0,0
2017-08-23,2.4711,2.4711,2.4711,2.4711,0,0
2017-08-24,2.4593,2.4593,2.4593,2.4593,0,0
2017-08-25,2.4946,2.4946,2.4946,2.4946,0,0
2017-08-28,2.5318,2.5318,2.5318,2.5318,0,0
2017-08-29,2.5377,2.5377,2.5377,2.5377,0,0
2017-08-30,2.5474,2.5474,2.5474,2.5474,0,0
2017-08-31,2.5435,2.5435,2.5435,2.5435,0,0
2017-09-01,2.5514,2.5514,2.5514,2.5514,0,0
2017-09-04,2.5514,2.5514,2.5514,2.5514,0,0
2017-09-05,2.5612,2.5612,2.5612,2.5612,0,0
2017-09-06,2.5416,2.5416,2.5416,2.5416,0,0
2017-09-07,2.5279,2.5279,2.5279,2.5279,0,0
2017-09-08,2.5181,2.5181,2.5181,2.5181,0,0
2017-09-11,2.522,2.522,2.522,2.522,0,0
2017-09-12,2.5318,2.5318,2.5318,2.5318,0,0
2017-09-13,2.5474,2.5474,2.5474,2.5474,0,0
2017-09-14,2.5416,2.5416,2.5416,2.5416,0,0
2017-09-15,2.5357,2.5357,2.5357,2.5357,0,0
2017-09-18,2.5514,2.5514,2.5514,2.5514,0,0
2017-09-19,2.5396,2.5396,2.5396,2.5396,0,0
2017-09-20,2.5494,2.5494,2.5494,2.5494,0,0
2017-09-21,2.5494,2.5494,2.5494,2.5494,0,0
2017-09-22,2.5514,2.5514,2.5514,2.5514,0,0
2017-09-25,2.5709,2.5709,2.5709,2.5709,0,0
2017-09-26,2.5631,2.5631,2.5631,2.5631,0,0
2017-09-27,2.5592,2.5592,2.5592,2.5592,0,0
2017-09-28,2.5788,2.5788,2.5788,2.5788,0,0
2017-09-29,2.5964,2.5964,2.5964,2.5964,0,0
2017-09-30,2.5964,2.5964,2.5964,2.5964,0,0
2017-10-09,2.614,2.614,2.614,2.614,0,0
2017-10-10,2.6199,2.6199,2.6199,2.6199,0,0
2017-10-11,2.6591,2.6591,2.6591,2.6591,0,0
2017-10-12,2.6845,2.6845,2.6845,2.6845,0,0
2017-10-13,2.6884,2.6884,2.6884,2.6884,0,0
2017-10-16,2.6767,2.6767,2.6767,2.6767,0,0
2017-10-17,2.7041,2.7041,2.7041,2.7041,0,0
2017-10-18,2.7374,2.7374,2.7374,2.7374,0,0
2017-10-19,2.7295,2.7295,2.7295,2.7295,0,0
2017-10-20,2.7061,2.7061,2.7061,2.7061,0,0
2017-10-23,2.7335,2.7335,2.7335,2.7335,0,0
2017-10-24,2.7433,2.7433,2.7433,2.7433,0,0
2017-10-25,2.7863,2.7863,2.7863,2.7863,0,0
2017-10-26,2.7883,2.7883,2.7883,2.7883,0,0
2017-10-27,2.8118,2.8118,2.8118,2.8118,0,0
2017-10-30,2.8275,2.8275,2.8275,2.8275,0,0
2017-10-31,2.8412,2.8412,2.8412,2.8412,0,0
2017-11-01,2.8255,2.8255,2.8255,2.8255,0,0
2017-11-02,2.8275,2.8275,2.8275,2.8275,0,0
2017-11-03,2.8353,2.8353,2.8353,2.8353,0,0
2017-11-06,2.9038,2.9038,2.9038,2.9038,0,0
2017-11-07,2.9097,2.9097,2.9097,2.9097,0,0
2017-11-08,2.894,2.894,2.894,2.894,0,0
2017-11-09,2.9351,2.9351,2.9351,2.9351,0,0
2017-11-10,3.0037,3.0037,3.0037,3.0037,0,0
2017-11-13,3.0291,3.0291,3.0291,3.0291,0,0
2017-11-14,2.9861,2.9861,2.9861,2.9861,0,0
2017-11-15,2.9626,2.9626,2.9626,2.9626,0,0
2017-11-16,3.0135,3.0135,3.0135,3.0135,0,0
2017-11-17,2.9684,2.9684,2.9684,2.9684,0,0
2017-11-20,3.0056,3.0056,3.0056,3.0056,0,0
2017-11-21,3.0507,3.0507,3.0507,3.0507,0,0
2017-11-22,3.0096,3.0096,3.0096,3.0096,0,0
2017-11-23,2.8509,2.8509,2.8509,2.8509,0,0
2017-11-24,2.847,2.847,2.847,2.847,0,0
2017-11-27,2.802,2.802,2.802,2.802,0,0
2017-11-28,2.8294,2.8294,2.8294,2.8294,0,0
2017-11-29,2.8059,2.8059,2.8059,2.8059,0,0
2017-11-30,2.7628,2.7628,2.7628,2.7628,0,0
2017-12-01,2.7707,2.7707,2.7707,2.7707,0,0
2017-12-04,2.8196,2.8196,2.8196,2.8196,0,0
2017-12-05,2.8118,2.8118,2.8118,2.8118,0,0
2017-12-06,2.7961,2.7961,2.7961,2.7961,0,0
2017-12-07,2.7491,2.7491,2.7491,2.7491,0,0
2017-12-08,2.8079,2.8079,2.8079,2.8079,0,0
2017-12-11,2.896,2.896,2.896,2.896,0,0
2017-12-12,2.8705,2.8705,2.8705,2.8705,0,0
2017-12-13,2.9195,2.9195,2.9195,2.9195,0,0
2017-12-14,2.9175,2.9175,2.9175,2.9175,0,0
2017-12-15,2.8764,2.8764,2.8764,2.8764,0,0
2017-12-18,2.8901,2.8901,2.8901,2.8901,0,0
2017-12-19,2.9312,2.9312,2.9312,2.9312,0,0
2017-12-20,2.941,2.941,2.941,2.941,0,0
2017-12-21,2.9919,2.9919,2.9919,2.9919,0,0
2017-12-22,2.9763,2.9763,2.9763,2.9763,0,0
2017-12-25,2.9626,2.9626,2.9626,2.9626,0,0
,,,,,,
数据来源:Wind资讯,,,,,,
